{
   "geoAreaCode":1,
   "geoAreaName":"World (total) by continental regions",
   "type":"Region",
   "children":[
      {
         "geoAreaCode":2,
         "geoAreaName":"Africa",
         "type":"Region",
         "children":[
            {
               "geoAreaCode":202,
               "geoAreaName":"Sub-Saharan Africa",
               "type":"Region",
               "children":[
                  {
                     "geoAreaCode":14,
                     "geoAreaName":"Eastern Africa",
                     "type":"Region",
                     "children":[
                        {
                           "geoAreaCode":86,
                           "geoAreaName":"British Indian Ocean Territory",
                           "type":"Country",
                           "children":null
                        },
                        {
                           "geoAreaCode":108,
                           "geoAreaName":"Burundi",
                           "type":"Country",
                           "children":null
                        },
                        {
                           "geoAreaCode":174,
                           "geoAreaName":"Comoros",
                           "type":"Country",
                           "children":null
                        },
                        {
                           "geoAreaCode":262,
                           "geoAreaName":"Djibouti",
                           "type":"Country",
                           "children":null
                        },
                        {
                           "geoAreaCode":232,
                           "geoAreaName":"Eritrea",
                           "type":"Country",
                           "children":null
                        },
                        {
                           "geoAreaCode":231,
                           "geoAreaName":"Ethiopia",
                           "type":"Country",
                           "children":null
                        },
                        {
                           "geoAreaCode":260,
                           "geoAreaName":"French Southern Territories",
                           "type":"Country",
                           "children":null
                        },
                        {
                           "geoAreaCode":404,
                           "geoAreaName":"Kenya",
                           "type":"Country",
                           "children":null
                        },
                        {
                           "geoAreaCode":450,
                           "geoAreaName":"Madagascar",
                           "type":"Country",
                           "children":null
                        },
                        {
                           "geoAreaCode":454,
                           "geoAreaName":"Malawi",
                           "type":"Country",
                           "children":null
                        },
                        {
                           "geoAreaCode":480,
                           "geoAreaName":"Mauritius",
                           "type":"Country",
                           "children":null
                        },
                        {
                           "geoAreaCode":175,
                           "geoAreaName":"Mayotte",
                           "type":"Country",
                           "children":null
                        },
                        {
                           "geoAreaCode":508,
                           "geoAreaName":"Mozambique",
                           "type":"Country",
                           "children":null
                        },
                        {
                           "geoAreaCode":638,
                           "geoAreaName":"Réunion",
                           "type":"Country",
                           "children":null
                        },
                        {
                           "geoAreaCode":646,
                           "geoAreaName":"Rwanda",
                           "type":"Country",
                           "children":null
                        },
                        {
                           "geoAreaCode":690,
                           "geoAreaName":"Seychelles",
                           "type":"Country",
                           "children":null
                        },
                        {
                           "geoAreaCode":706,
                           "geoAreaName":"Somalia",
                           "type":"Country",
                           "children":null
                        },
                        {
                           "geoAreaCode":728,
                           "geoAreaName":"South Sudan",
                           "type":"Country",
                           "children":null
                        },
                        {
                           "geoAreaCode":834,
                           "geoAreaName":"United Republic of Tanzania",
                           "type":"Country",
                           "children":null
                        },
                        {
                           "geoAreaCode":800,
                           "geoAreaName":"Uganda",
                           "type":"Country",
                           "children":null
                        },
                        {
                           "geoAreaCode":894,
                           "geoAreaName":"Zambia",
                           "type":"Country",
                           "children":null
                        },
                        {
                           "geoAreaCode":716,
                           "geoAreaName":"Zimbabwe",
                           "type":"Country",
                           "children":null
                        },
                        {
                           "geoAreaCode":736,
                           "geoAreaName":"Sudan [former]",
                           "type":"Country",
                           "children":null
                        }
                     ]
                  },
                  {
                     "geoAreaCode":17,
                     "geoAreaName":"Middle Africa",
                     "type":"Region",
                     "children":[
                        {
                           "geoAreaCode":24,
                           "geoAreaName":"Angola",
                           "type":"Country",
                           "children":null
                        },
                        {
                           "geoAreaCode":120,
                           "geoAreaName":"Cameroon",
                           "type":"Country",
                           "children":null
                        },
                        {
                           "geoAreaCode":140,
                           "geoAreaName":"Central African Republic",
                           "type":"Country",
                           "children":null
                        },
                        {
                           "geoAreaCode":148,
                           "geoAreaName":"Chad",
                           "type":"Country",
                           "children":null
                        },
                        {
                           "geoAreaCode":178,
                           "geoAreaName":"Congo",
                           "type":"Country",
                           "children":null
                        },
                        {
                           "geoAreaCode":180,
                           "geoAreaName":"Democratic Republic of the Congo",
                           "type":"Country",
                           "children":null
                        },
                        {
                           "geoAreaCode":226,
                           "geoAreaName":"Equatorial Guinea",
                           "type":"Country",
                           "children":null
                        },
                        {
                           "geoAreaCode":266,
                           "geoAreaName":"Gabon",
                           "type":"Country",
                           "children":null
                        },
                        {
                           "geoAreaCode":678,
                           "geoAreaName":"Sao Tome and Principe",
                           "type":"Country",
                           "children":null
                        }
                     ]
                  },
                  {
                     "geoAreaCode":18,
                     "geoAreaName":"Southern Africa",
                     "type":"Region",
                     "children":[
                        {
                           "geoAreaCode":72,
                           "geoAreaName":"Botswana",
                           "type":"Country",
                           "children":null
                        },
                        {
                           "geoAreaCode":426,
                           "geoAreaName":"Lesotho",
                           "type":"Country",
                           "children":null
                        },
                        {
                           "geoAreaCode":516,
                           "geoAreaName":"Namibia",
                           "type":"Country",
                           "children":null
                        },
                        {
                           "geoAreaCode":710,
                           "geoAreaName":"South Africa",
                           "type":"Country",
                           "children":null
                        },
                        {
                           "geoAreaCode":748,
                           "geoAreaName":"Eswatini",
                           "type":"Country",
                           "children":null
                        }
                     ]
                  },
                  {
                     "geoAreaCode":11,
                     "geoAreaName":"Western Africa",
                     "type":"Region",
                     "children":[
                        {
                           "geoAreaCode":204,
                           "geoAreaName":"Benin",
                           "type":"Country",
                           "children":null
                        },
                        {
                           "geoAreaCode":854,
                           "geoAreaName":"Burkina Faso",
                           "type":"Country",
                           "children":null
                        },
                        {
                           "geoAreaCode":132,
                           "geoAreaName":"Cabo Verde",
                           "type":"Country",
                           "children":null
                        },
                        {
                           "geoAreaCode":384,
                           "geoAreaName":"Côte d'Ivoire",
                           "type":"Country",
                           "children":null
                        },
                        {
                           "geoAreaCode":270,
                           "geoAreaName":"Gambia",
                           "type":"Country",
                           "children":null
                        },
                        {
                           "geoAreaCode":288,
                           "geoAreaName":"Ghana",
                           "type":"Country",
                           "children":null
                        },
                        {
                           "geoAreaCode":324,
                           "geoAreaName":"Guinea",
                           "type":"Country",
                           "children":null
                        },
                        {
                           "geoAreaCode":624,
                           "geoAreaName":"Guinea-Bissau",
                           "type":"Country",
                           "children":null
                        },
                        {
                           "geoAreaCode":430,
                           "geoAreaName":"Liberia",
                           "type":"Country",
                           "children":null
                        },
                        {
                           "geoAreaCode":466,
                           "geoAreaName":"Mali",
                           "type":"Country",
                           "children":null
                        },
                        {
                           "geoAreaCode":478,
                           "geoAreaName":"Mauritania",
                           "type":"Country",
                           "children":null
                        },
                        {
                           "geoAreaCode":562,
                           "geoAreaName":"Niger",
                           "type":"Country",
                           "children":null
                        },
                        {
                           "geoAreaCode":566,
                           "geoAreaName":"Nigeria",
                           "type":"Country",
                           "children":null
                        },
                        {
                           "geoAreaCode":654,
                           "geoAreaName":"Saint Helena",
                           "type":"Country",
                           "children":null
                        },
                        {
                           "geoAreaCode":686,
                           "geoAreaName":"Senegal",
                           "type":"Country",
                           "children":null
                        },
                        {
                           "geoAreaCode":694,
                           "geoAreaName":"Sierra Leone",
                           "type":"Country",
                           "children":null
                        },
                        {
                           "geoAreaCode":768,
                           "geoAreaName":"Togo",
                           "type":"Country",
                           "children":null
                        }
                     ]
                  }
               ]
            },
            {
               "geoAreaCode":15,
               "geoAreaName":"Northern Africa",
               "type":"Region",
               "children":[
                  {
                     "geoAreaCode":12,
                     "geoAreaName":"Algeria",
                     "type":"Country",
                     "children":null
                  },
                  {
                     "geoAreaCode":818,
                     "geoAreaName":"Egypt",
                     "type":"Country",
                     "children":null
                  },
                  {
                     "geoAreaCode":434,
                     "geoAreaName":"Libya",
                     "type":"Country",
                     "children":null
                  },
                  {
                     "geoAreaCode":504,
                     "geoAreaName":"Morocco",
                     "type":"Country",
                     "children":null
                  },
                  {
                     "geoAreaCode":729,
                     "geoAreaName":"Sudan",
                     "type":"Country",
                     "children":null
                  },
                  {
                     "geoAreaCode":788,
                     "geoAreaName":"Tunisia",
                     "type":"Country",
                     "children":null
                  },
                  {
                     "geoAreaCode":732,
                     "geoAreaName":"Western Sahara",
                     "type":"Country",
                     "children":null
                  }
               ]
            }
         ]
      },
      {
         "geoAreaCode":19,
         "geoAreaName":"Americas",
         "type":"Region",
         "children":[
            {
               "geoAreaCode":419,
               "geoAreaName":"Latin America and the Caribbean",
               "type":"Region",
               "children":[
                  {
                     "geoAreaCode":29,
                     "geoAreaName":"Caribbean",
                     "type":"Region",
                     "children":[
                        {
                           "geoAreaCode":660,
                           "geoAreaName":"Anguilla",
                           "type":"Country",
                           "children":null
                        },
                        {
                           "geoAreaCode":28,
                           "geoAreaName":"Antigua and Barbuda",
                           "type":"Country",
                           "children":null
                        },
                        {
                           "geoAreaCode":533,
                           "geoAreaName":"Aruba",
                           "type":"Country",
                           "children":null
                        },
                        {
                           "geoAreaCode":44,
                           "geoAreaName":"Bahamas",
                           "type":"Country",
                           "children":null
                        },
                        {
                           "geoAreaCode":52,
                           "geoAreaName":"Barbados",
                           "type":"Country",
                           "children":null
                        },
                        {
                           "geoAreaCode":92,
                           "geoAreaName":"British Virgin Islands",
                           "type":"Country",
                           "children":null
                        },
                        {
                           "geoAreaCode":136,
                           "geoAreaName":"Cayman Islands",
                           "type":"Country",
                           "children":null
                        },
                        {
                           "geoAreaCode":192,
                           "geoAreaName":"Cuba",
                           "type":"Country",
                           "children":null
                        },
                        {
                           "geoAreaCode":212,
                           "geoAreaName":"Dominica",
                           "type":"Country",
                           "children":null
                        },
                        {
                           "geoAreaCode":214,
                           "geoAreaName":"Dominican Republic",
                           "type":"Country",
                           "children":null
                        },
                        {
                           "geoAreaCode":308,
                           "geoAreaName":"Grenada",
                           "type":"Country",
                           "children":null
                        },
                        {
                           "geoAreaCode":312,
                           "geoAreaName":"Guadeloupe",
                           "type":"Country",
                           "children":null
                        },
                        {
                           "geoAreaCode":332,
                           "geoAreaName":"Haiti",
                           "type":"Country",
                           "children":null
                        },
                        {
                           "geoAreaCode":388,
                           "geoAreaName":"Jamaica",
                           "type":"Country",
                           "children":null
                        },
                        {
                           "geoAreaCode":474,
                           "geoAreaName":"Martinique",
                           "type":"Country",
                           "children":null
                        },
                        {
                           "geoAreaCode":500,
                           "geoAreaName":"Montserrat",
                           "type":"Country",
                           "children":null
                        },
                        {
                           "geoAreaCode":530,
                           "geoAreaName":"Netherlands Antilles",
                           "type":"Country",
                           "children":null
                        },
                        {
                           "geoAreaCode":630,
                           "geoAreaName":"Puerto Rico",
                           "type":"Country",
                           "children":null
                        },
                        {
                           "geoAreaCode":659,
                           "geoAreaName":"Saint Kitts and Nevis",
                           "type":"Country",
                           "children":null
                        },
                        {
                           "geoAreaCode":662,
                           "geoAreaName":"Saint Lucia",
                           "type":"Country",
                           "children":null
                        },
                        {
                           "geoAreaCode":780,
                           "geoAreaName":"Trinidad and Tobago",
                           "type":"Country",
                           "children":null
                        },
                        {
                           "geoAreaCode":796,
                           "geoAreaName":"Turks and Caicos Islands",
                           "type":"Country",
                           "children":null
                        },
                        {
                           "geoAreaCode":535,
                           "geoAreaName":"Bonaire, Sint Eustatius and Saba",
                           "type":"Country",
                           "children":null
                        },
                        {
                           "geoAreaCode":531,
                           "geoAreaName":"Curaçao",
                           "type":"Country",
                           "children":null
                        },
                        {
                           "geoAreaCode":652,
                           "geoAreaName":"Saint Barthélemy",
                           "type":"Country",
                           "children":null
                        },
                        {
                           "geoAreaCode":663,
                           "geoAreaName":"Saint Martin (French Part)",
                           "type":"Country",
                           "children":null
                        },
                        {
                           "geoAreaCode":670,
                           "geoAreaName":"Saint Vincent and the Grenadines",
                           "type":"Country",
                           "children":null
                        },
                        {
                           "geoAreaCode":534,
                           "geoAreaName":"Sint Maarten (Dutch part)",
                           "type":"Country",
                           "children":null
                        },
                        {
                           "geoAreaCode":850,
                           "geoAreaName":"United States Virgin Islands",
                           "type":"Country",
                           "children":null
                        }
                     ]
                  },
                  {
                     "geoAreaCode":13,
                     "geoAreaName":"Central America",
                     "type":"Region",
                     "children":[
                        {
                           "geoAreaCode":84,
                           "geoAreaName":"Belize",
                           "type":"Country",
                           "children":null
                        },
                        {
                           "geoAreaCode":188,
                           "geoAreaName":"Costa Rica",
                           "type":"Country",
                           "children":null
                        },
                        {
                           "geoAreaCode":222,
                           "geoAreaName":"El Salvador",
                           "type":"Country",
                           "children":null
                        },
                        {
                           "geoAreaCode":320,
                           "geoAreaName":"Guatemala",
                           "type":"Country",
                           "children":null
                        },
                        {
                           "geoAreaCode":340,
                           "geoAreaName":"Honduras",
                           "type":"Country",
                           "children":null
                        },
                        {
                           "geoAreaCode":484,
                           "geoAreaName":"Mexico",
                           "type":"Country",
                           "children":null
                        },
                        {
                           "geoAreaCode":558,
                           "geoAreaName":"Nicaragua",
                           "type":"Country",
                           "children":null
                        },
                        {
                           "geoAreaCode":591,
                           "geoAreaName":"Panama",
                           "type":"Country",
                           "children":null
                        }
                     ]
                  },
                  {
                     "geoAreaCode":5,
                     "geoAreaName":"South America",
                     "type":"Region",
                     "children":[
                        {
                           "geoAreaCode":32,
                           "geoAreaName":"Argentina",
                           "type":"Country",
                           "children":null
                        },
                        {
                           "geoAreaCode":68,
                           "geoAreaName":"Bolivia (Plurinational State of)",
                           "type":"Country",
                           "children":null
                        },
                        {
                           "geoAreaCode":74,
                           "geoAreaName":"Bouvet Island",
                           "type":"Country",
                           "children":null
                        },
                        {
                           "geoAreaCode":76,
                           "geoAreaName":"Brazil",
                           "type":"Country",
                           "children":null
                        },
                        {
                           "geoAreaCode":152,
                           "geoAreaName":"Chile",
                           "type":"Country",
                           "children":null
                        },
                        {
                           "geoAreaCode":170,
                           "geoAreaName":"Colombia",
                           "type":"Country",
                           "children":null
                        },
                        {
                           "geoAreaCode":218,
                           "geoAreaName":"Ecuador",
                           "type":"Country",
                           "children":null
                        },
                        {
                           "geoAreaCode":238,
                           "geoAreaName":"Falkland Islands (Malvinas)",
                           "type":"Country",
                           "children":null
                        },
                        {
                           "geoAreaCode":254,
                           "geoAreaName":"French Guiana",
                           "type":"Country",
                           "children":null
                        },
                        {
                           "geoAreaCode":328,
                           "geoAreaName":"Guyana",
                           "type":"Country",
                           "children":null
                        },
                        {
                           "geoAreaCode":600,
                           "geoAreaName":"Paraguay",
                           "type":"Country",
                           "children":null
                        },
                        {
                           "geoAreaCode":604,
                           "geoAreaName":"Peru",
                           "type":"Country",
                           "children":null
                        },
                        {
                           "geoAreaCode":239,
                           "geoAreaName":"South Georgia and the South Sandwich Islands",
                           "type":"Country",
                           "children":null
                        },
                        {
                           "geoAreaCode":740,
                           "geoAreaName":"Suriname",
                           "type":"Country",
                           "children":null
                        },
                        {
                           "geoAreaCode":858,
                           "geoAreaName":"Uruguay",
                           "type":"Country",
                           "children":null
                        },
                        {
                           "geoAreaCode":862,
                           "geoAreaName":"Venezuela (Bolivarian Republic of)",
                           "type":"Country",
                           "children":null
                        }
                     ]
                  }
               ]
            },
            {
               "geoAreaCode":21,
               "geoAreaName":"Northern America",
               "type":"Region",
               "children":[
                  {
                     "geoAreaCode":60,
                     "geoAreaName":"Bermuda",
                     "type":"Country",
                     "children":null
                  },
                  {
                     "geoAreaCode":124,
                     "geoAreaName":"Canada",
                     "type":"Country",
                     "children":null
                  },
                  {
                     "geoAreaCode":304,
                     "geoAreaName":"Greenland",
                     "type":"Country",
                     "children":null
                  },
                  {
                     "geoAreaCode":666,
                     "geoAreaName":"Saint Pierre and Miquelon",
                     "type":"Country",
                     "children":null
                  },
                  {
                     "geoAreaCode":840,
                     "geoAreaName":"United States of America",
                     "type":"Country",
                     "children":null
                  }
               ]
            }
         ]
      },
      {
         "geoAreaCode":142,
         "geoAreaName":"Asia",
         "type":"Region",
         "children":[
            {
               "geoAreaCode":145,
               "geoAreaName":"Western Asia",
               "type":"Region",
               "children":[
                  {
                     "geoAreaCode":51,
                     "geoAreaName":"Armenia",
                     "type":"Country",
                     "children":null
                  },
                  {
                     "geoAreaCode":31,
                     "geoAreaName":"Azerbaijan",
                     "type":"Country",
                     "children":null
                  },
                  {
                     "geoAreaCode":48,
                     "geoAreaName":"Bahrain",
                     "type":"Country",
                     "children":null
                  },
                  {
                     "geoAreaCode":196,
                     "geoAreaName":"Cyprus",
                     "type":"Country",
                     "children":null
                  },
                  {
                     "geoAreaCode":268,
                     "geoAreaName":"Georgia",
                     "type":"Country",
                     "children":null
                  },
                  {
                     "geoAreaCode":368,
                     "geoAreaName":"Iraq",
                     "type":"Country",
                     "children":null
                  },
                  {
                     "geoAreaCode":376,
                     "geoAreaName":"Israel",
                     "type":"Country",
                     "children":null
                  },
                  {
                     "geoAreaCode":400,
                     "geoAreaName":"Jordan",
                     "type":"Country",
                     "children":null
                  },
                  {
                     "geoAreaCode":414,
                     "geoAreaName":"Kuwait",
                     "type":"Country",
                     "children":null
                  },
                  {
                     "geoAreaCode":422,
                     "geoAreaName":"Lebanon",
                     "type":"Country",
                     "children":null
                  },
                  {
                     "geoAreaCode":512,
                     "geoAreaName":"Oman",
                     "type":"Country",
                     "children":null
                  },
                  {
                     "geoAreaCode":275,
                     "geoAreaName":"State of Palestine",
                     "type":"Country",
                     "children":null
                  },
                  {
                     "geoAreaCode":634,
                     "geoAreaName":"Qatar",
                     "type":"Country",
                     "children":null
                  },
                  {
                     "geoAreaCode":682,
                     "geoAreaName":"Saudi Arabia",
                     "type":"Country",
                     "children":null
                  },
                  {
                     "geoAreaCode":760,
                     "geoAreaName":"Syrian Arab Republic",
                     "type":"Country",
                     "children":null
                  },
                  {
                     "geoAreaCode":792,
                     "geoAreaName":"Turkey",
                     "type":"Country",
                     "children":null
                  },
                  {
                     "geoAreaCode":784,
                     "geoAreaName":"United Arab Emirates",
                     "type":"Country",
                     "children":null
                  },
                  {
                     "geoAreaCode":887,
                     "geoAreaName":"Yemen",
                     "type":"Country",
                     "children":null
                  },
                  {
                     "geoAreaCode":369,
                     "geoAreaName":"Iraq (Central Iraq)",
                     "type":"Country",
                     "children":null
                  },
                  {
                     "geoAreaCode":370,
                     "geoAreaName":"Iraq (Kurdistan Region)",
                     "type":"Country",
                     "children":null
                  }
               ]
            },
            {
               "geoAreaCode":143,
               "geoAreaName":"Central Asia",
               "type":"Region",
               "children":[
                  {
                     "geoAreaCode":398,
                     "geoAreaName":"Kazakhstan",
                     "type":"Country",
                     "children":null
                  },
                  {
                     "geoAreaCode":417,
                     "geoAreaName":"Kyrgyzstan",
                     "type":"Country",
                     "children":null
                  },
                  {
                     "geoAreaCode":762,
                     "geoAreaName":"Tajikistan",
                     "type":"Country",
                     "children":null
                  },
                  {
                     "geoAreaCode":795,
                     "geoAreaName":"Turkmenistan",
                     "type":"Country",
                     "children":null
                  },
                  {
                     "geoAreaCode":860,
                     "geoAreaName":"Uzbekistan",
                     "type":"Country",
                     "children":null
                  }
               ]
            },
            {
               "geoAreaCode":34,
               "geoAreaName":"Southern Asia",
               "type":"Region",
               "children":[
                  {
                     "geoAreaCode":4,
                     "geoAreaName":"Afghanistan",
                     "type":"Country",
                     "children":null
                  },
                  {
                     "geoAreaCode":50,
                     "geoAreaName":"Bangladesh",
                     "type":"Country",
                     "children":null
                  },
                  {
                     "geoAreaCode":64,
                     "geoAreaName":"Bhutan",
                     "type":"Country",
                     "children":null
                  },
                  {
                     "geoAreaCode":356,
                     "geoAreaName":"India",
                     "type":"Country",
                     "children":null
                  },
                  {
                     "geoAreaCode":364,
                     "geoAreaName":"Iran (Islamic Republic of)",
                     "type":"Country",
                     "children":null
                  },
                  {
                     "geoAreaCode":462,
                     "geoAreaName":"Maldives",
                     "type":"Country",
                     "children":null
                  },
                  {
                     "geoAreaCode":524,
                     "geoAreaName":"Nepal",
                     "type":"Country",
                     "children":null
                  },
                  {
                     "geoAreaCode":586,
                     "geoAreaName":"Pakistan",
                     "type":"Country",
                     "children":null
                  },
                  {
                     "geoAreaCode":144,
                     "geoAreaName":"Sri Lanka",
                     "type":"Country",
                     "children":null
                  },
                  {
                     "geoAreaCode":127,
                     "geoAreaName":"Southern Asia (excluding India)",
                     "type":"Region",
                     "children":[
                        {
                           "geoAreaCode":4,
                           "geoAreaName":"Afghanistan",
                           "type":"Country",
                           "children":null
                        },
                        {
                           "geoAreaCode":50,
                           "geoAreaName":"Bangladesh",
                           "type":"Country",
                           "children":null
                        },
                        {
                           "geoAreaCode":64,
                           "geoAreaName":"Bhutan",
                           "type":"Country",
                           "children":null
                        },
                        {
                           "geoAreaCode":364,
                           "geoAreaName":"Iran (Islamic Republic of)",
                           "type":"Country",
                           "children":null
                        },
                        {
                           "geoAreaCode":462,
                           "geoAreaName":"Maldives",
                           "type":"Country",
                           "children":null
                        },
                        {
                           "geoAreaCode":524,
                           "geoAreaName":"Nepal",
                           "type":"Country",
                           "children":null
                        },
                        {
                           "geoAreaCode":586,
                           "geoAreaName":"Pakistan",
                           "type":"Country",
                           "children":null
                        },
                        {
                           "geoAreaCode":144,
                           "geoAreaName":"Sri Lanka",
                           "type":"Country",
                           "children":null
                        }
                     ]
                  }
               ]
            },
            {
               "geoAreaCode":30,
               "geoAreaName":"Eastern Asia",
               "type":"Region",
               "children":[
                  {
                     "geoAreaCode":156,
                     "geoAreaName":"China",
                     "type":"Country",
                     "children":null
                  },
                  {
                     "geoAreaCode":344,
                     "geoAreaName":"China, Hong Kong Special Administrative Region",
                     "type":"Country",
                     "children":null
                  },
                  {
                     "geoAreaCode":446,
                     "geoAreaName":"China, Macao Special Administrative Region",
                     "type":"Country",
                     "children":null
                  },
                  {
                     "geoAreaCode":392,
                     "geoAreaName":"Japan",
                     "type":"Country",
                     "children":null
                  },
                  {
                     "geoAreaCode":408,
                     "geoAreaName":"Democratic People's Republic of Korea",
                     "type":"Country",
                     "children":null
                  },
                  {
                     "geoAreaCode":410,
                     "geoAreaName":"Republic of Korea",
                     "type":"Country",
                     "children":null
                  },
                  {
                     "geoAreaCode":496,
                     "geoAreaName":"Mongolia",
                     "type":"Country",
                     "children":null
                  },
                  {
                     "geoAreaCode":158,
                     "geoAreaName":"Other non-specified areas in Eastern Asia",
                     "type":"Country",
                     "children":null
                  }
               ]
            },
            {
               "geoAreaCode":35,
               "geoAreaName":"South-Eastern Asia",
               "type":"Region",
               "children":[
                  {
                     "geoAreaCode":96,
                     "geoAreaName":"Brunei Darussalam",
                     "type":"Country",
                     "children":null
                  },
                  {
                     "geoAreaCode":116,
                     "geoAreaName":"Cambodia",
                     "type":"Country",
                     "children":null
                  },
                  {
                     "geoAreaCode":360,
                     "geoAreaName":"Indonesia",
                     "type":"Country",
                     "children":null
                  },
                  {
                     "geoAreaCode":418,
                     "geoAreaName":"Lao People's Democratic Republic",
                     "type":"Country",
                     "children":null
                  },
                  {
                     "geoAreaCode":458,
                     "geoAreaName":"Malaysia",
                     "type":"Country",
                     "children":null
                  },
                  {
                     "geoAreaCode":104,
                     "geoAreaName":"Myanmar",
                     "type":"Country",
                     "children":null
                  },
                  {
                     "geoAreaCode":608,
                     "geoAreaName":"Philippines",
                     "type":"Country",
                     "children":null
                  },
                  {
                     "geoAreaCode":702,
                     "geoAreaName":"Singapore",
                     "type":"Country",
                     "children":null
                  },
                  {
                     "geoAreaCode":764,
                     "geoAreaName":"Thailand",
                     "type":"Country",
                     "children":null
                  },
                  {
                     "geoAreaCode":626,
                     "geoAreaName":"Timor-Leste",
                     "type":"Country",
                     "children":null
                  },
                  {
                     "geoAreaCode":704,
                     "geoAreaName":"Viet Nam",
                     "type":"Country",
                     "children":null
                  }
               ]
            }
         ]
      },
      {
         "geoAreaCode":10,
         "geoAreaName":"Antarctica",
         "type":"Country",
         "children":null
      },
      {
         "geoAreaCode":9,
         "geoAreaName":"Oceania",
         "type":"Region",
         "children":[
            {
               "geoAreaCode":54,
               "geoAreaName":"Melanesia",
               "type":"Region",
               "children":[
                  {
                     "geoAreaCode":242,
                     "geoAreaName":"Fiji",
                     "type":"Country",
                     "children":null
                  },
                  {
                     "geoAreaCode":540,
                     "geoAreaName":"New Caledonia",
                     "type":"Country",
                     "children":null
                  },
                  {
                     "geoAreaCode":598,
                     "geoAreaName":"Papua New Guinea",
                     "type":"Country",
                     "children":null
                  },
                  {
                     "geoAreaCode":90,
                     "geoAreaName":"Solomon Islands",
                     "type":"Country",
                     "children":null
                  },
                  {
                     "geoAreaCode":548,
                     "geoAreaName":"Vanuatu",
                     "type":"Country",
                     "children":null
                  }
               ]
            },
            {
               "geoAreaCode":57,
               "geoAreaName":"Micronesia",
               "type":"Region",
               "children":[
                  {
                     "geoAreaCode":316,
                     "geoAreaName":"Guam",
                     "type":"Country",
                     "children":null
                  },
                  {
                     "geoAreaCode":296,
                     "geoAreaName":"Kiribati",
                     "type":"Country",
                     "children":null
                  },
                  {
                     "geoAreaCode":584,
                     "geoAreaName":"Marshall Islands",
                     "type":"Country",
                     "children":null
                  },
                  {
                     "geoAreaCode":583,
                     "geoAreaName":"Micronesia (Federated States of)",
                     "type":"Country",
                     "children":null
                  },
                  {
                     "geoAreaCode":520,
                     "geoAreaName":"Nauru",
                     "type":"Country",
                     "children":null
                  },
                  {
                     "geoAreaCode":580,
                     "geoAreaName":"Northern Mariana Islands",
                     "type":"Country",
                     "children":null
                  },
                  {
                     "geoAreaCode":585,
                     "geoAreaName":"Palau",
                     "type":"Country",
                     "children":null
                  },
                  {
                     "geoAreaCode":581,
                     "geoAreaName":"United States Minor Outlying Islands",
                     "type":"Country",
                     "children":null
                  }
               ]
            },
            {
               "geoAreaCode":61,
               "geoAreaName":"Polynesia",
               "type":"Region",
               "children":[
                  {
                     "geoAreaCode":16,
                     "geoAreaName":"American Samoa",
                     "type":"Country",
                     "children":null
                  },
                  {
                     "geoAreaCode":184,
                     "geoAreaName":"Cook Islands",
                     "type":"Country",
                     "children":null
                  },
                  {
                     "geoAreaCode":258,
                     "geoAreaName":"French Polynesia",
                     "type":"Country",
                     "children":null
                  },
                  {
                     "geoAreaCode":570,
                     "geoAreaName":"Niue",
                     "type":"Country",
                     "children":null
                  },
                  {
                     "geoAreaCode":612,
                     "geoAreaName":"Pitcairn",
                     "type":"Country",
                     "children":null
                  },
                  {
                     "geoAreaCode":882,
                     "geoAreaName":"Samoa",
                     "type":"Country",
                     "children":null
                  },
                  {
                     "geoAreaCode":772,
                     "geoAreaName":"Tokelau",
                     "type":"Country",
                     "children":null
                  },
                  {
                     "geoAreaCode":776,
                     "geoAreaName":"Tonga",
                     "type":"Country",
                     "children":null
                  },
                  {
                     "geoAreaCode":798,
                     "geoAreaName":"Tuvalu",
                     "type":"Country",
                     "children":null
                  },
                  {
                     "geoAreaCode":876,
                     "geoAreaName":"Wallis and Futuna Islands",
                     "type":"Country",
                     "children":null
                  }
               ]
            },
            {
               "geoAreaCode":53,
               "geoAreaName":"Australia and New Zealand",
               "type":"Region",
               "children":[
                  {
                     "geoAreaCode":36,
                     "geoAreaName":"Australia",
                     "type":"Country",
                     "children":null
                  },
                  {
                     "geoAreaCode":162,
                     "geoAreaName":"Christmas Island",
                     "type":"Country",
                     "children":null
                  },
                  {
                     "geoAreaCode":166,
                     "geoAreaName":"Cocos (Keeling) Islands",
                     "type":"Country",
                     "children":null
                  },
                  {
                     "geoAreaCode":334,
                     "geoAreaName":"Heard Island and McDonald Islands",
                     "type":"Country",
                     "children":null
                  },
                  {
                     "geoAreaCode":554,
                     "geoAreaName":"New Zealand",
                     "type":"Country",
                     "children":null
                  },
                  {
                     "geoAreaCode":574,
                     "geoAreaName":"Norfolk Island",
                     "type":"Country",
                     "children":null
                  }
               ]
            },
            {
               "geoAreaCode":543,
               "geoAreaName":"Oceania (exc. Australia and New Zealand)",
               "type":"Region",
               "children":[
                  {
                     "geoAreaCode":16,
                     "geoAreaName":"American Samoa",
                     "type":"Country",
                     "children":null
                  },
                  {
                     "geoAreaCode":184,
                     "geoAreaName":"Cook Islands",
                     "type":"Country",
                     "children":null
                  },
                  {
                     "geoAreaCode":242,
                     "geoAreaName":"Fiji",
                     "type":"Country",
                     "children":null
                  },
                  {
                     "geoAreaCode":258,
                     "geoAreaName":"French Polynesia",
                     "type":"Country",
                     "children":null
                  },
                  {
                     "geoAreaCode":316,
                     "geoAreaName":"Guam",
                     "type":"Country",
                     "children":null
                  },
                  {
                     "geoAreaCode":296,
                     "geoAreaName":"Kiribati",
                     "type":"Country",
                     "children":null
                  },
                  {
                     "geoAreaCode":584,
                     "geoAreaName":"Marshall Islands",
                     "type":"Country",
                     "children":null
                  },
                  {
                     "geoAreaCode":583,
                     "geoAreaName":"Micronesia (Federated States of)",
                     "type":"Country",
                     "children":null
                  },
                  {
                     "geoAreaCode":520,
                     "geoAreaName":"Nauru",
                     "type":"Country",
                     "children":null
                  },
                  {
                     "geoAreaCode":540,
                     "geoAreaName":"New Caledonia",
                     "type":"Country",
                     "children":null
                  },
                  {
                     "geoAreaCode":570,
                     "geoAreaName":"Niue",
                     "type":"Country",
                     "children":null
                  },
                  {
                     "geoAreaCode":580,
                     "geoAreaName":"Northern Mariana Islands",
                     "type":"Country",
                     "children":null
                  },
                  {
                     "geoAreaCode":585,
                     "geoAreaName":"Palau",
                     "type":"Country",
                     "children":null
                  },
                  {
                     "geoAreaCode":598,
                     "geoAreaName":"Papua New Guinea",
                     "type":"Country",
                     "children":null
                  },
                  {
                     "geoAreaCode":612,
                     "geoAreaName":"Pitcairn",
                     "type":"Country",
                     "children":null
                  },
                  {
                     "geoAreaCode":882,
                     "geoAreaName":"Samoa",
                     "type":"Country",
                     "children":null
                  },
                  {
                     "geoAreaCode":90,
                     "geoAreaName":"Solomon Islands",
                     "type":"Country",
                     "children":null
                  },
                  {
                     "geoAreaCode":772,
                     "geoAreaName":"Tokelau",
                     "type":"Country",
                     "children":null
                  },
                  {
                     "geoAreaCode":776,
                     "geoAreaName":"Tonga",
                     "type":"Country",
                     "children":null
                  },
                  {
                     "geoAreaCode":798,
                     "geoAreaName":"Tuvalu",
                     "type":"Country",
                     "children":null
                  },
                  {
                     "geoAreaCode":581,
                     "geoAreaName":"United States Minor Outlying Islands",
                     "type":"Country",
                     "children":null
                  },
                  {
                     "geoAreaCode":548,
                     "geoAreaName":"Vanuatu",
                     "type":"Country",
                     "children":null
                  },
                  {
                     "geoAreaCode":876,
                     "geoAreaName":"Wallis and Futuna Islands",
                     "type":"Country",
                     "children":null
                  }
               ]
            }
         ]
      },
      {
         "geoAreaCode":150,
         "geoAreaName":"Europe",
         "type":"Region",
         "children":[
            {
               "geoAreaCode":151,
               "geoAreaName":"Eastern Europe",
               "type":"Region",
               "children":[
                  {
                     "geoAreaCode":112,
                     "geoAreaName":"Belarus",
                     "type":"Country",
                     "children":null
                  },
                  {
                     "geoAreaCode":100,
                     "geoAreaName":"Bulgaria",
                     "type":"Country",
                     "children":null
                  },
                  {
                     "geoAreaCode":203,
                     "geoAreaName":"Czechia",
                     "type":"Country",
                     "children":null
                  },
                  {
                     "geoAreaCode":348,
                     "geoAreaName":"Hungary",
                     "type":"Country",
                     "children":null
                  },
                  {
                     "geoAreaCode":498,
                     "geoAreaName":"Republic of Moldova",
                     "type":"Country",
                     "children":null
                  },
                  {
                     "geoAreaCode":616,
                     "geoAreaName":"Poland",
                     "type":"Country",
                     "children":null
                  },
                  {
                     "geoAreaCode":642,
                     "geoAreaName":"Romania",
                     "type":"Country",
                     "children":null
                  },
                  {
                     "geoAreaCode":643,
                     "geoAreaName":"Russian Federation",
                     "type":"Country",
                     "children":null
                  },
                  {
                     "geoAreaCode":703,
                     "geoAreaName":"Slovakia",
                     "type":"Country",
                     "children":null
                  },
                  {
                     "geoAreaCode":804,
                     "geoAreaName":"Ukraine",
                     "type":"Country",
                     "children":null
                  }
               ]
            },
            {
               "geoAreaCode":154,
               "geoAreaName":"Northern Europe",
               "type":"Region",
               "children":[
                  {
                     "geoAreaCode":248,
                     "geoAreaName":"Åland Islands",
                     "type":"Country",
                     "children":null
                  },
                  {
                     "geoAreaCode":208,
                     "geoAreaName":"Denmark",
                     "type":"Country",
                     "children":null
                  },
                  {
                     "geoAreaCode":233,
                     "geoAreaName":"Estonia",
                     "type":"Country",
                     "children":null
                  },
                  {
                     "geoAreaCode":234,
                     "geoAreaName":"Faroe Islands",
                     "type":"Country",
                     "children":null
                  },
                  {
                     "geoAreaCode":246,
                     "geoAreaName":"Finland",
                     "type":"Country",
                     "children":null
                  },
                  {
                     "geoAreaCode":352,
                     "geoAreaName":"Iceland",
                     "type":"Country",
                     "children":null
                  },
                  {
                     "geoAreaCode":372,
                     "geoAreaName":"Ireland",
                     "type":"Country",
                     "children":null
                  },
                  {
                     "geoAreaCode":833,
                     "geoAreaName":"Isle of Man",
                     "type":"Country",
                     "children":null
                  },
                  {
                     "geoAreaCode":428,
                     "geoAreaName":"Latvia",
                     "type":"Country",
                     "children":null
                  },
                  {
                     "geoAreaCode":440,
                     "geoAreaName":"Lithuania",
                     "type":"Country",
                     "children":null
                  },
                  {
                     "geoAreaCode":578,
                     "geoAreaName":"Norway",
                     "type":"Country",
                     "children":null
                  },
                  {
                     "geoAreaCode":744,
                     "geoAreaName":"Svalbard and Jan Mayen Islands",
                     "type":"Country",
                     "children":null
                  },
                  {
                     "geoAreaCode":752,
                     "geoAreaName":"Sweden",
                     "type":"Country",
                     "children":null
                  },
                  {
                     "geoAreaCode":826,
                     "geoAreaName":"United Kingdom of Great Britain and Northern Ireland",
                     "type":"Country",
                     "children":null
                  },
                  {
                     "geoAreaCode":830,
                     "geoAreaName":"Channel Islands",
                     "type":"Region",
                     "children":[
                        {
                           "geoAreaCode":831,
                           "geoAreaName":"Guernsey",
                           "type":"Country",
                           "children":null
                        },
                        {
                           "geoAreaCode":832,
                           "geoAreaName":"Jersey",
                           "type":"Country",
                           "children":null
                        },
                        {
                           "geoAreaCode":680,
                           "geoAreaName":"Sark",
                           "type":"Country",
                           "children":null
                        }
                     ]
                  },
                  {
                     "geoAreaCode":827,
                     "geoAreaName":"United Kingdom (England and Wales)",
                     "type":"Country",
                     "children":null
                  },
                  {
                     "geoAreaCode":828,
                     "geoAreaName":"United Kingdom (Northern Ireland)",
                     "type":"Country",
                     "children":null
                  },
                  {
                     "geoAreaCode":829,
                     "geoAreaName":"United Kingdom (Scotland)",
                     "type":"Country",
                     "children":null
                  }
               ]
            },
            {
               "geoAreaCode":39,
               "geoAreaName":"Southern Europe",
               "type":"Region",
               "children":[
                  {
                     "geoAreaCode":8,
                     "geoAreaName":"Albania",
                     "type":"Country",
                     "children":null
                  },
                  {
                     "geoAreaCode":20,
                     "geoAreaName":"Andorra",
                     "type":"Country",
                     "children":null
                  },
                  {
                     "geoAreaCode":70,
                     "geoAreaName":"Bosnia and Herzegovina",
                     "type":"Country",
                     "children":null
                  },
                  {
                     "geoAreaCode":191,
                     "geoAreaName":"Croatia",
                     "type":"Country",
                     "children":null
                  },
                  {
                     "geoAreaCode":292,
                     "geoAreaName":"Gibraltar",
                     "type":"Country",
                     "children":null
                  },
                  {
                     "geoAreaCode":300,
                     "geoAreaName":"Greece",
                     "type":"Country",
                     "children":null
                  },
                  {
                     "geoAreaCode":336,
                     "geoAreaName":"Holy See",
                     "type":"Country",
                     "children":null
                  },
                  {
                     "geoAreaCode":380,
                     "geoAreaName":"Italy",
                     "type":"Country",
                     "children":null
                  },
                  {
                     "geoAreaCode":807,
                     "geoAreaName":"North Macedonia",
                     "type":"Country",
                     "children":null
                  },
                  {
                     "geoAreaCode":470,
                     "geoAreaName":"Malta",
                     "type":"Country",
                     "children":null
                  },
                  {
                     "geoAreaCode":499,
                     "geoAreaName":"Montenegro",
                     "type":"Country",
                     "children":null
                  },
                  {
                     "geoAreaCode":620,
                     "geoAreaName":"Portugal",
                     "type":"Country",
                     "children":null
                  },
                  {
                     "geoAreaCode":674,
                     "geoAreaName":"San Marino",
                     "type":"Country",
                     "children":null
                  },
                  {
                     "geoAreaCode":688,
                     "geoAreaName":"Serbia",
                     "type":"Country",
                     "children":null
                  },
                  {
                     "geoAreaCode":705,
                     "geoAreaName":"Slovenia",
                     "type":"Country",
                     "children":null
                  },
                  {
                     "geoAreaCode":724,
                     "geoAreaName":"Spain",
                     "type":"Country",
                     "children":null
                  },
                  {
                     "geoAreaCode":412,
                     "geoAreaName":"Kosovo",
                     "type":"Country",
                     "children":null
                  },
                  {
                     "geoAreaCode":891,
                     "geoAreaName":"Serbia and Montenegro [former]",
                     "type":"Country",
                     "children":null
                  }
               ]
            },
            {
               "geoAreaCode":155,
               "geoAreaName":"Western Europe",
               "type":"Region",
               "children":[
                  {
                     "geoAreaCode":40,
                     "geoAreaName":"Austria",
                     "type":"Country",
                     "children":null
                  },
                  {
                     "geoAreaCode":56,
                     "geoAreaName":"Belgium",
                     "type":"Country",
                     "children":null
                  },
                  {
                     "geoAreaCode":250,
                     "geoAreaName":"France",
                     "type":"Country",
                     "children":null
                  },
                  {
                     "geoAreaCode":276,
                     "geoAreaName":"Germany",
                     "type":"Country",
                     "children":null
                  },
                  {
                     "geoAreaCode":438,
                     "geoAreaName":"Liechtenstein",
                     "type":"Country",
                     "children":null
                  },
                  {
                     "geoAreaCode":442,
                     "geoAreaName":"Luxembourg",
                     "type":"Country",
                     "children":null
                  },
                  {
                     "geoAreaCode":492,
                     "geoAreaName":"Monaco",
                     "type":"Country",
                     "children":null
                  },
                  {
                     "geoAreaCode":528,
                     "geoAreaName":"Netherlands",
                     "type":"Country",
                     "children":null
                  },
                  {
                     "geoAreaCode":756,
                     "geoAreaName":"Switzerland",
                     "type":"Country",
                     "children":null
                  }
               ]
            }
         ]
      }
   ]
}